contour_id,song_id,phrase_num,phrase_length,phrase_duration,0,1,2,3,4,5,6,7,8,9,10,11,12,13,14,15,16,17,18,19,20,21,22,23,24,25,26,27,28,29,30,31,32,33,34,35,36,37,38,39,40,41,42,43,44,45,46,47,48,49
liber-tracts-rand-00001,00018,0,19,19.0,60,60,60,62,62,62,65,65,64,64,64,65,65,64,64,64,60,60,60,62,62,64,64,64,62,62,64,64,64,62,62,60,60,60,64,64,64,64,64,62,62,62,64,64,65,65,65,67,67,67
liber-tracts-rand-00002,00018,1,17,17.0,62,62,62,62,62,62,60,60,60,60,60,60,60,60,60,64,64,64,65,65,65,62,62,62,62,62,62,62,62,60,60,60,62,62,62,64,64,64,65,65,65,67,67,67,65,65,65,64,64,64
liber-tracts-rand-00003,00018,2,17,17.0,65,65,65,67,67,67,67,67,67,65,65,65,60,60,60,62,62,62,60,60,60,65,65,65,64,64,65,65,65,67,67,67,65,65,65,65,65,65,64,64,64,62,62,62,62,62,62,64,64,64
liber-tracts-rand-00004,00018,3,29,29.0,64,64,62,62,62,62,60,62,62,65,65,67,65,65,65,65,62,64,64,65,65,64,64,64,62,62,65,65,67,65,65,65,65,64,67,67,69,69,67,67,67,64,64,65,67,67,64,64,65,65
liber-tracts-rand-00005,00018,4,22,22.0,62,62,62,62,62,65,65,65,65,69,69,69,70,70,67,67,67,67,64,64,64,67,67,69,69,65,65,65,65,62,62,62,60,60,62,62,65,65,65,65,65,67,67,69,69,67,67,69,69,69
liber-tracts-rand-00006,00018,5,10,10.0,65,65,65,65,65,69,69,69,69,69,70,70,70,70,70,67,67,67,67,67,65,65,65,65,65,65,65,65,65,65,62,62,62,62,62,67,67,67,67,67,65,65,65,65,65,65,65,65,65,65
liber-tracts-rand-00007,00018,6,17,17.0,62,62,62,62,62,62,60,60,60,60,60,60,65,65,65,65,65,65,64,64,64,60,60,60,64,64,65,65,65,67,67,67,65,65,65,65,65,65,64,64,64,62,62,62,62,62,62,64,64,64
liber-tracts-rand-00008,00018,7,12,12.0,64,64,64,64,64,62,62,62,62,65,65,65,65,67,67,67,67,67,67,67,67,69,69,69,69,67,67,67,67,65,65,65,65,67,67,67,67,69,69,69,69,67,67,67,67,69,69,69,69,69
liber-tracts-rand-00009,00018,8,18,18.0,70,70,70,67,67,67,65,65,65,69,69,67,67,67,69,69,69,70,70,70,67,67,65,65,65,69,69,69,69,69,67,67,67,69,69,69,67,67,67,65,65,69,69,69,69,69,69,67,67,67
liber-tracts-rand-00010,00018,9,15,15.0,69,69,69,69,67,67,67,65,65,65,69,69,69,69,67,67,67,69,69,69,67,67,67,67,67,67,67,62,62,62,65,65,65,65,65,65,64,64,64,64,62,62,62,65,65,65,65,65,65,65
liber-tracts-rand-00011,00018,10,17,17.0,67,67,67,69,69,69,69,69,69,67,67,67,65,65,65,64,64,64,65,65,65,64,64,64,62,62,64,64,64,64,64,64,62,62,62,62,62,62,67,67,67,69,69,69,67,67,67,67,67,67
liber-tracts-rand-00012,00018,11,19,19.0,62,62,62,65,65,65,65,65,62,62,62,69,69,67,67,67,65,65,65,65,65,64,64,64,62,62,62,62,62,60,60,64,64,64,64,64,64,62,62,64,64,64,65,65,67,67,67,62,62,62
liber-tracts-rand-00013,00018,12,26,26.0,62,62,60,60,60,60,60,60,64,64,65,65,62,62,62,62,60,62,62,64,64,65,65,67,67,65,65,64,64,67,67,69,69,70,67,67,67,67,65,65,65,65,67,67,65,65,65,65,64,64
liber-tracts-rand-00014,00018,13,16,16.0,62,62,62,62,60,60,60,62,62,62,65,65,65,65,65,65,65,65,65,64,64,64,65,65,65,67,67,67,65,65,65,65,65,65,64,64,64,62,62,62,62,62,62,64,64,64,64,64,64,64
liber-tracts-rand-00015,00018,14,20,20.0,62,62,62,60,60,62,62,62,62,62,65,65,65,65,65,65,65,65,62,62,60,60,60,62,62,60,60,62,62,62,60,60,62,62,62,65,65,65,65,65,67,67,65,65,65,65,65,65,65,65
liber-tracts-rand-00016,00018,15,20,20.0,67,67,67,65,65,67,67,67,65,65,65,65,65,60,60,62,62,62,64,64,62,62,62,64,64,64,64,67,67,67,65,65,67,67,67,65,65,62,62,62,64,64,65,65,65,69,69,67,67,67
liber-tracts-rand-00017,00018,16,14,14.0,69,69,69,69,65,65,65,64,64,64,64,62,62,62,62,62,62,62,60,60,60,62,62,62,62,65,65,65,65,65,65,65,67,67,67,69,69,69,69,67,67,67,64,64,64,64,65,65,65,65
liber-tracts-rand-00018,00035,0,14,14.0,65,65,65,65,67,67,67,65,65,65,65,64,64,64,62,62,62,62,60,60,60,60,60,60,60,62,62,62,64,64,64,64,62,62,62,64,64,64,64,64,64,64,62,62,62,62,64,64,64,64
liber-tracts-rand-00019,00035,1,20,20.0,65,65,65,67,67,62,62,62,62,62,60,60,60,64,64,65,65,65,62,62,64,64,64,62,62,62,62,60,60,60,62,62,64,64,64,65,65,67,67,67,65,65,67,67,67,65,65,64,64,64
liber-tracts-rand-00020,00035,2,17,17.0,65,65,65,64,64,64,62,62,62,60,60,60,62,62,62,60,60,60,62,62,62,65,65,65,62,62,65,65,65,64,64,64,62,62,62,62,62,62,64,64,64,64,64,64,62,62,62,60,60,60
liber-tracts-rand-00021,00035,3,13,13.0,62,62,62,62,65,65,65,65,67,67,67,67,65,65,65,65,65,65,65,62,62,62,62,65,65,65,65,65,65,65,65,67,67,67,69,69,69,69,65,65,65,65,65,65,65,65,64,64,64,64
liber-tracts-rand-00022,00035,4,20,20.0,67,67,67,65,65,65,65,65,64,64,64,64,64,62,62,64,64,64,65,65,64,64,64,65,65,64,64,62,62,62,62,62,65,65,65,64,64,65,65,65,64,64,65,65,65,69,69,67,67,67
liber-tracts-rand-00023,00035,5,14,14.0,64,64,64,64,65,65,65,64,64,64,64,62,62,62,64,64,64,64,64,64,64,62,62,62,62,65,65,65,64,64,64,64,65,65,65,67,67,67,67,65,65,65,64,64,64,64,60,60,60,60
liber-tracts-rand-00024,00035,6,22,22.0,62,62,62,64,64,62,62,64,64,62,62,62,60,60,64,64,64,64,62,62,62,64,64,65,65,67,67,62,62,62,62,62,60,60,62,62,60,60,62,62,62,64,64,65,65,67,67,65,65,65
liber-tracts-rand-00025,00035,7,22,22.0,64,64,64,65,65,67,67,67,67,65,65,65,67,67,60,60,62,62,65,65,65,64,64,65,65,64,64,62,62,62,62,62,60,60,62,62,60,60,57,57,57,62,62,60,60,62,62,64,64,64
liber-tracts-rand-00026,00035,8,21,21.0,64,64,64,62,62,60,60,62,62,62,65,65,65,65,65,65,65,64,64,65,65,62,62,62,62,62,65,65,65,65,65,65,65,65,65,65,65,65,62,62,64,64,65,65,65,67,67,65,65,65
liber-tracts-rand-00027,00035,9,15,15.0,67,67,67,67,69,69,69,67,67,67,64,64,64,64,64,64,64,67,67,67,65,65,65,64,64,64,64,65,65,65,64,64,64,62,62,62,64,64,64,64,62,62,62,62,62,62,62,62,62,62
liber-tracts-rand-00028,00035,10,15,15.0,65,65,65,65,64,64,64,65,65,65,62,62,62,62,62,62,62,62,62,62,65,65,65,65,65,65,65,65,65,65,65,65,65,65,65,65,62,62,62,62,64,64,64,62,62,62,60,60,60,60
liber-tracts-rand-00029,00035,11,15,15.0,64,64,64,64,64,64,64,62,62,62,64,64,64,64,65,65,65,67,67,67,62,62,62,62,62,62,62,60,60,60,60,60,60,64,64,64,65,65,65,65,62,62,62,62,62,62,62,62,62,62
liber-tracts-rand-00030,00035,12,10,10.0,60,60,60,60,60,62,62,62,62,62,64,64,64,64,64,65,65,65,65,65,67,67,67,67,67,65,65,65,65,65,64,64,64,64,64,67,67,67,67,67,69,69,69,69,69,70,70,70,70,70
liber-tracts-rand-00031,00035,13,19,19.0,67,67,67,67,67,67,65,65,65,65,65,67,67,65,65,65,65,65,65,60,60,62,62,62,64,64,62,62,62,64,64,67,67,67,65,65,65,67,67,65,65,65,62,62,64,64,64,65,65,65
liber-tracts-rand-00032,00035,14,18,18.0,69,69,69,67,67,67,69,69,69,65,65,64,64,64,62,62,62,62,62,62,60,60,62,62,62,65,65,65,65,65,67,67,67,69,69,69,67,67,67,64,64,65,65,65,64,64,64,65,65,65
liber-tracts-rand-00033,00240,0,15,15.0,69,69,69,69,67,67,67,69,69,69,67,67,67,67,65,65,65,67,67,67,65,65,65,67,67,67,67,72,72,72,72,72,72,74,74,74,69,69,69,69,69,69,69,67,67,67,69,69,69,69
liber-tracts-rand-00034,00240,1,19,19.0,65,65,65,69,69,69,72,72,69,69,69,72,72,72,72,72,71,71,71,69,69,71,71,71,72,72,71,71,71,69,69,67,67,67,69,69,69,67,67,69,69,69,67,67,67,67,67,67,67,67
liber-tracts-rand-00035,00240,2,22,22.0,69,69,69,67,67,69,69,67,67,69,69,69,71,71,72,72,67,67,69,69,69,65,65,67,67,69,69,67,67,69,69,69,67,67,67,67,69,69,67,67,67,69,69,71,71,72,72,67,67,67
liber-tracts-rand-00036,00240,3,20,20.0,65,65,65,67,67,69,69,69,72,72,74,74,74,72,72,72,72,72,67,67,72,72,72,74,74,72,72,72,72,72,72,72,72,72,72,74,74,72,72,72,72,72,69,69,69,72,72,71,71,71
liber-tracts-rand-00037,00240,4,14,14.0,72,72,72,72,72,72,72,71,71,71,71,67,67,67,69,69,69,69,72,72,72,69,69,69,69,72,72,72,69,69,69,69,65,65,65,67,67,67,67,69,69,69,72,72,72,72,72,72,72,72
liber-tracts-rand-00038,00240,5,19,19.0,71,71,71,67,67,67,69,69,72,72,72,69,69,65,65,65,67,67,67,69,69,69,69,69,67,67,67,67,67,67,67,67,67,67,69,69,69,71,71,72,72,72,72,72,72,72,72,72,72,72
liber-tracts-rand-00039,00240,6,17,17.0,74,74,74,72,72,72,72,72,72,72,72,72,74,74,74,72,72,72,72,72,72,69,69,69,72,72,71,71,71,72,72,72,72,72,72,71,71,71,67,67,67,69,69,69,72,72,72,69,69,69
liber-tracts-rand-00040,00240,7,20,20.0,72,72,72,69,69,65,65,65,67,67,69,69,69,71,71,72,72,72,74,74,72,72,72,71,71,74,74,72,72,72,72,72,72,72,72,71,71,67,67,67,69,69,72,72,72,72,72,69,69,69
liber-tracts-rand-00041,00240,8,22,22.0,72,72,72,69,69,65,65,67,67,67,67,67,69,69,69,69,67,67,67,67,67,62,62,67,67,67,67,69,69,72,72,72,72,72,72,72,72,72,71,71,71,69,69,72,72,69,69,69,69,69
liber-tracts-rand-00042,00240,9,23,23.0,67,67,67,67,67,69,69,69,69,69,69,69,69,72,72,72,72,72,69,69,67,67,65,65,67,67,69,69,67,67,69,69,67,67,67,70,70,69,69,70,70,67,67,65,65,67,67,69,69,69
liber-tracts-rand-00043,00240,10,23,23.0,67,67,67,69,69,67,67,69,69,67,67,72,72,72,72,69,69,69,72,72,67,67,67,67,65,65,67,67,69,69,72,72,71,71,71,72,72,72,72,69,69,71,71,72,72,72,72,72,72,72
liber-tracts-rand-00044,00240,11,21,21.0,72,72,72,71,71,69,69,71,71,71,69,69,67,67,69,69,69,67,67,67,67,67,67,67,69,69,67,67,69,69,69,71,71,72,72,67,67,67,69,69,67,67,65,65,65,65,65,69,69,69
liber-tracts-rand-00045,00240,12,27,27.0,72,72,72,72,71,71,72,72,69,69,69,67,67,69,69,67,67,67,67,65,67,67,72,72,72,72,72,72,74,74,72,71,71,69,69,69,69,67,67,67,69,69,67,67,65,65,69,69,71,71
liber-tracts-rand-00046,00266,0,19,19.0,64,64,64,65,65,65,65,65,64,64,64,62,62,64,64,64,62,62,62,64,64,65,65,65,64,64,65,65,65,64,64,62,62,62,64,64,64,62,62,64,64,64,65,65,64,64,64,62,62,62
liber-tracts-rand-00047,00266,1,12,12.0,60,60,60,60,60,62,62,62,62,64,64,64,64,62,62,62,62,64,64,64,64,64,64,64,64,62,62,62,62,64,64,64,64,65,65,65,65,67,67,67,67,62,62,62,62,62,62,62,62,62
liber-tracts-rand-00048,00266,2,19,19.0,60,60,60,64,64,64,65,65,62,62,62,62,62,62,62,62,60,60,60,62,62,64,64,64,65,65,67,67,67,65,65,64,64,64,65,65,65,67,67,67,67,67,65,65,60,60,60,62,62,62
liber-tracts-rand-00049,00266,3,19,19.0,60,60,60,65,65,65,64,64,65,65,65,67,67,65,65,65,65,65,65,64,64,62,62,62,62,62,64,64,64,64,64,62,62,62,60,60,60,62,62,65,65,65,67,67,62,62,62,62,62,62
liber-tracts-rand-00050,00266,4,20,20.0,67,67,67,65,65,64,64,64,65,65,64,64,64,62,62,64,64,64,62,62,62,62,62,62,62,67,67,65,65,65,65,65,64,64,64,62,62,60,60,60,60,60,62,62,62,64,64,62,62,62
liber-tracts-rand-00051,00266,5,24,24.0,64,64,64,64,64,62,62,64,64,65,65,67,67,62,62,62,62,60,60,60,60,64,64,65,65,62,62,62,62,60,60,62,62,64,64,65,65,67,67,65,65,64,64,65,65,67,67,67,67,67
liber-tracts-rand-00052,00266,6,17,17.0,65,65,65,67,67,67,60,60,60,62,62,62,65,65,65,64,64,64,65,65,65,64,64,64,62,62,62,62,62,60,60,60,62,62,62,60,60,60,57,57,57,62,62,62,60,60,60,62,62,62
liber-tracts-rand-00053,00266,7,22,22.0,64,64,64,64,64,62,62,65,65,67,67,67,69,69,67,67,67,67,69,69,69,67,67,65,65,67,67,65,65,65,65,65,65,65,65,65,64,64,60,60,60,62,62,60,60,62,62,64,64,64
liber-tracts-rand-00054,00266,8,13,13.0,65,65,65,65,64,64,64,64,62,62,62,62,64,64,64,64,62,62,62,65,65,65,65,65,65,65,65,67,67,67,67,69,69,69,69,69,69,69,67,67,67,67,65,65,65,65,64,64,64,64
liber-tracts-rand-00055,00266,9,13,13.0,65,65,65,65,64,64,64,64,62,62,62,62,64,64,64,64,64,64,64,62,62,62,62,62,62,62,62,62,62,62,62,62,62,62,67,67,67,67,69,69,69,69,67,67,67,67,67,67,67,67
liber-tracts-rand-00056,00266,10,22,22.0,62,62,62,65,65,65,65,62,62,69,69,69,67,67,65,65,65,65,64,64,64,62,62,62,62,64,64,62,62,60,60,60,64,64,64,64,62,62,64,64,64,65,65,67,67,62,62,62,62,62
liber-tracts-rand-00057,00266,11,17,17.0,60,60,60,60,60,60,60,60,60,64,64,64,65,65,65,62,62,62,62,62,62,64,64,64,62,62,62,62,62,60,60,60,62,62,62,64,64,64,65,65,65,67,67,67,65,65,65,64,64,64
liber-tracts-rand-00058,00266,12,20,20.0,65,65,65,67,67,67,67,67,65,65,60,60,60,62,62,60,60,60,65,65,64,64,64,65,65,67,67,65,65,65,65,65,64,64,64,62,62,62,62,62,64,64,64,64,64,62,62,62,62,62
liber-tracts-rand-00059,00266,13,21,21.0,62,62,62,65,65,64,64,65,65,65,67,67,67,67,69,69,69,67,67,69,69,67,67,67,69,69,62,62,62,62,62,65,65,65,65,67,67,67,69,69,69,69,67,67,67,65,65,64,64,64
liber-tracts-rand-00060,00266,14,18,18.0,65,65,65,64,64,64,62,62,62,64,64,64,64,64,62,62,62,62,62,62,64,64,62,62,62,62,62,62,62,62,64,64,64,62,62,62,62,62,62,67,67,69,69,69,67,67,67,67,67,67
liber-tracts-rand-00061,00266,15,14,14.0,62,62,62,62,65,65,65,65,65,65,65,62,62,62,69,69,69,69,67,67,67,65,65,65,65,65,65,65,64,64,64,64,62,62,62,62,62,62,62,60,60,60,64,64,64,64,64,64,64,64
liber-tracts-rand-00062,00266,16,22,22.0,62,62,62,64,64,65,65,67,67,62,62,62,62,62,60,60,60,60,60,60,60,64,64,65,65,62,62,62,62,60,60,60,62,62,64,64,65,65,67,67,67,65,65,67,67,65,65,64,64,64
liber-tracts-rand-00063,00266,17,16,16.0,65,65,65,65,67,67,67,67,67,67,65,65,65,60,60,60,62,62,62,60,60,60,65,65,65,64,64,64,65,65,65,67,67,67,65,65,65,65,65,65,64,64,64,62,62,62,62,62,62,62
liber-tracts-rand-00064,00266,18,20,20.0,64,64,64,64,64,62,62,62,65,65,67,67,67,69,69,67,67,67,65,65,67,67,67,69,69,67,67,69,69,69,70,70,67,67,67,65,65,69,69,69,67,67,69,69,69,70,70,67,67,67
liber-tracts-rand-00065,00266,19,13,13.0,65,65,65,65,69,69,69,69,69,69,69,69,67,67,67,67,69,69,69,67,67,67,67,65,65,65,65,69,69,69,69,69,69,69,67,67,67,67,69,69,69,69,67,67,67,67,65,65,65,65
liber-tracts-rand-00066,00266,20,19,19.0,69,69,69,67,67,67,69,69,67,67,67,67,67,62,62,62,62,62,62,62,62,62,62,62,60,60,65,65,65,67,67,69,69,69,69,69,69,67,67,65,65,65,64,64,65,65,65,64,64,64
liber-tracts-rand-00067,00266,21,26,26.0,62,62,64,64,64,64,62,62,65,65,67,67,65,65,67,67,65,62,62,62,62,60,60,65,65,67,67,65,65,62,62,62,62,60,65,65,64,64,62,62,67,67,65,65,65,65,64,64,62,62
liber-tracts-rand-00068,00266,22,18,18.0,65,65,65,62,62,62,62,62,62,60,60,60,60,60,64,64,64,65,65,65,62,62,62,62,62,62,62,62,60,60,62,62,62,64,64,64,65,65,65,67,67,65,65,65,67,67,67,65,65,65
liber-tracts-rand-00069,00266,23,21,21.0,64,64,64,65,65,67,67,67,67,67,65,65,67,67,60,60,60,62,62,65,65,64,64,64,65,65,64,64,62,62,62,62,62,60,60,62,62,62,60,60,57,57,62,62,62,60,60,62,62,62
liber-tracts-rand-00070,00266,24,16,16.0,64,64,64,64,64,64,64,62,62,62,60,60,60,62,62,62,65,65,65,67,67,67,65,65,65,65,65,65,62,62,62,65,65,65,65,65,65,67,67,67,69,69,69,65,65,65,65,65,65,65
liber-tracts-rand-00071,00266,25,21,21.0,64,64,64,67,67,65,65,65,65,65,64,64,64,64,62,62,62,64,64,65,65,64,64,64,65,65,64,64,62,62,62,62,62,65,65,62,62,62,65,65,67,67,65,65,65,67,67,69,69,69
liber-tracts-rand-00072,00266,26,14,14.0,67,67,67,67,64,64,64,64,64,64,64,67,67,67,65,65,65,65,64,64,64,65,65,65,65,64,64,64,62,62,62,62,64,64,64,62,62,62,62,65,65,65,67,67,67,67,65,65,65,65
liber-tracts-rand-00073,00266,27,9,9.0,67,67,67,67,67,67,65,65,65,65,65,62,62,62,62,62,62,62,62,62,62,62,60,60,60,60,60,60,65,65,65,65,65,67,67,67,67,67,67,65,65,65,65,65,62,62,62,62,62,62
liber-tracts-rand-00074,00266,28,15,15.0,62,62,62,62,60,60,60,65,65,65,64,64,64,64,62,62,62,67,67,67,65,65,65,65,65,65,65,64,64,64,62,62,62,62,62,62,65,65,65,65,62,62,62,62,62,62,60,60,60,60
liber-tracts-rand-00075,00266,29,16,16.0,62,62,62,62,62,62,62,60,60,60,62,62,62,64,64,64,65,65,65,67,67,67,65,65,65,67,67,67,65,65,65,64,64,64,67,67,67,69,69,69,70,70,70,67,67,67,67,67,67,67
liber-tracts-rand-00076,00266,30,20,20.0,65,65,65,65,65,67,67,67,65,65,65,65,65,60,60,62,62,62,64,64,62,62,62,64,64,67,67,65,65,65,67,67,65,65,65,62,62,64,64,64,65,65,69,69,69,67,67,69,69,69
liber-tracts-rand-00077,00266,31,18,18.0,65,65,65,64,64,64,62,62,62,62,62,60,60,60,62,62,62,65,65,65,65,65,67,67,67,69,69,69,67,67,64,64,64,65,65,65,64,64,64,65,65,69,69,69,67,67,67,65,65,65
liber-tracts-rand-00078,00338,0,19,19.0,65,65,65,67,67,67,69,69,69,69,69,67,67,67,67,67,72,72,72,72,72,72,72,72,72,72,72,72,72,72,72,72,72,72,69,69,69,72,72,72,72,72,72,72,72,72,72,72,72,72
liber-tracts-rand-00079,00338,1,19,19.0,71,71,71,74,74,74,76,76,72,72,72,72,72,69,69,69,72,72,72,69,69,69,69,69,67,67,69,69,69,67,67,72,72,72,72,72,72,69,69,72,72,72,67,67,67,67,67,65,65,65
liber-tracts-rand-00080,00338,2,15,15.0,65,65,65,65,69,69,69,72,72,72,71,71,71,71,67,67,67,69,69,69,67,67,67,65,65,65,65,67,67,67,69,69,69,67,67,67,67,67,67,67,67,67,67,67,67,67,69,69,69,69
liber-tracts-rand-00081,00338,3,20,20.0,72,72,72,71,71,72,72,72,72,72,69,69,69,71,71,72,72,72,72,72,72,72,72,72,72,71,71,69,69,69,71,71,69,69,69,67,67,69,69,69,67,67,67,67,67,67,67,72,72,72
liber-tracts-rand-00082,00338,4,26,26.0,72,72,72,72,72,72,72,72,72,72,72,72,72,72,72,72,71,74,74,76,76,72,72,72,72,69,69,72,72,69,69,69,69,67,69,69,67,67,72,72,72,72,69,69,72,72,67,67,67,67
liber-tracts-rand-00083,00338,5,14,14.0,65,65,65,65,65,65,65,65,65,65,65,69,69,69,72,72,72,72,71,71,71,67,67,67,67,69,69,69,67,67,67,67,65,65,65,67,67,67,67,69,69,69,67,67,67,67,67,67,67,67
liber-tracts-rand-00084,00338,6,18,18.0,67,67,67,67,67,67,69,69,69,67,67,67,67,67,67,67,67,67,67,67,69,69,72,72,72,71,71,71,72,72,72,72,72,69,69,69,71,71,71,72,72,72,72,72,72,72,72,72,72,72
liber-tracts-rand-00085,00338,7,14,14.0,71,71,71,71,69,69,69,71,71,71,71,69,69,69,67,67,67,67,69,69,69,67,67,67,67,67,67,67,67,67,67,67,72,72,72,72,72,72,72,72,72,72,71,71,71,71,74,74,74,74
liber-tracts-rand-00086,00338,8,16,16.0,76,76,76,76,72,72,72,72,72,72,69,69,69,72,72,72,69,69,69,69,69,69,67,67,67,69,69,69,67,67,67,72,72,72,72,72,72,69,69,69,72,72,72,67,67,67,67,67,67,67
liber-tracts-rand-00087,00338,9,15,15.0,65,65,65,65,67,67,67,67,67,67,67,67,67,67,69,69,69,67,67,67,69,69,69,71,71,71,71,72,72,72,67,67,67,69,69,69,67,67,67,67,65,65,65,65,65,65,65,65,65,65
liber-tracts-rand-00088,00338,10,23,23.0,69,69,69,71,71,72,72,74,74,72,72,72,72,71,71,72,72,72,69,69,67,67,67,67,67,67,69,69,67,67,67,67,65,65,65,67,67,72,72,72,72,72,72,74,74,72,72,71,71,71
liber-tracts-rand-00089,00338,11,18,18.0,69,69,69,69,69,69,67,67,67,69,69,72,72,72,71,71,71,69,69,69,67,67,67,67,67,69,69,69,65,65,69,69,69,71,71,71,72,72,72,71,71,69,69,69,71,71,71,69,69,69
liber-tracts-rand-00090,00444,0,13,13.0,67,67,67,67,69,69,69,69,69,69,69,69,67,67,67,67,69,69,69,72,72,72,72,71,71,71,71,72,72,72,72,69,69,69,72,72,72,72,72,72,72,72,72,72,72,72,72,72,72,72
liber-tracts-rand-00091,00444,1,16,16.0,74,74,74,74,69,69,69,69,69,69,67,67,67,69,69,69,67,67,67,72,72,72,72,72,72,69,69,69,72,72,72,67,67,67,67,67,67,65,65,65,65,65,65,69,69,69,72,72,72,72
liber-tracts-rand-00092,00444,2,21,21.0,71,71,71,67,67,69,69,67,67,67,65,65,67,67,67,67,67,69,69,72,72,69,69,69,72,72,72,72,69,69,69,71,71,72,72,72,72,72,72,72,72,72,71,71,71,69,69,71,71,71
liber-tracts-rand-00093,00444,3,24,24.0,69,69,69,67,67,69,69,67,67,65,65,65,65,65,65,69,69,70,70,69,69,70,70,67,67,72,72,72,72,71,71,72,72,67,67,72,72,72,72,69,69,67,67,69,69,70,70,67,67,67
liber-tracts-rand-00094,00444,4,18,18.0,65,65,65,69,69,69,72,72,72,69,69,71,71,71,67,67,67,67,67,67,69,69,69,69,69,67,67,67,67,67,69,69,69,71,71,71,72,72,72,72,72,72,72,72,72,72,72,72,72,72
liber-tracts-rand-00095,00444,5,28,28.0,71,71,72,72,72,72,72,72,72,72,72,74,74,72,67,67,69,69,67,67,69,71,71,72,72,71,71,69,69,69,67,67,65,65,65,69,69,72,72,71,71,67,69,69,67,67,65,65,67,67
liber-tracts-rand-00096,00444,6,14,14.0,69,69,69,69,67,67,67,67,67,67,67,69,69,69,72,72,72,72,71,71,71,72,72,72,72,72,72,72,69,69,69,69,71,71,71,72,72,72,72,72,72,72,72,72,72,72,72,72,72,72
liber-tracts-rand-00097,00444,7,20,20.0,71,71,71,69,69,71,71,71,69,69,67,67,67,69,69,67,67,67,69,69,67,67,67,69,69,71,71,72,72,72,67,67,69,69,69,67,67,65,65,65,65,65,69,69,69,72,72,72,72,72
liber-tracts-rand-00098,00444,8,15,15.0,72,72,72,72,71,71,71,72,72,72,69,69,69,69,67,67,67,72,72,72,72,72,72,69,69,69,69,67,67,67,69,69,69,70,70,70,67,67,67,67,65,65,65,69,69,69,72,72,72,72
liber-tracts-rand-00099,00444,9,10,10.0,69,69,69,69,69,71,71,71,71,71,67,67,67,67,67,69,69,69,69,69,69,69,69,69,69,67,67,67,67,67,67,67,67,67,67,69,69,69,69,69,71,71,71,71,71,72,72,72,72,72
liber-tracts-rand-00100,00444,10,16,16.0,72,72,72,72,72,72,72,72,72,72,72,72,72,72,72,72,72,72,72,71,71,71,72,72,72,72,72,72,72,72,72,72,72,72,72,72,72,72,72,72,74,74,74,72,72,72,67,67,67,67
liber-tracts-rand-00101,00444,11,26,26.0,69,69,67,67,69,69,71,71,72,72,71,71,69,69,71,71,72,69,69,69,69,67,67,65,65,65,65,69,69,72,72,71,71,67,69,69,67,67,65,65,67,67,69,69,67,67,67,67,69,69
liber-tracts-rand-00102,00444,12,19,19.0,72,72,72,71,71,71,72,72,72,72,72,69,69,71,71,71,72,72,72,72,72,72,72,72,72,72,71,71,71,69,69,71,71,71,69,69,69,67,67,69,69,69,67,67,67,67,67,69,69,69
liber-tracts-rand-00103,00444,13,15,15.0,65,65,65,65,69,69,69,71,71,71,72,72,72,72,67,67,67,69,69,69,65,65,65,65,65,65,65,69,69,69,72,72,72,72,72,72,71,71,71,71,72,72,72,69,69,69,67,67,67,67
liber-tracts-rand-00104,00444,14,19,19.0,67,67,67,67,67,67,69,69,67,67,67,67,67,65,65,65,67,67,67,72,72,72,72,72,72,72,74,74,74,72,72,71,71,71,69,69,69,69,69,67,67,67,69,69,72,72,72,71,71,71
liber-tracts-rand-00105,00483,0,16,16.0,60,60,60,60,62,62,62,60,60,60,60,60,60,65,65,65,65,65,65,64,64,64,64,64,64,62,62,62,60,60,60,60,60,60,62,62,62,64,64,64,62,62,62,64,64,64,64,64,64,64
liber-tracts-rand-00106,00483,1,22,22.0,62,62,62,64,64,65,65,67,67,62,62,62,62,62,60,60,64,64,65,65,65,62,62,62,62,60,60,62,62,64,64,64,65,65,67,67,65,65,64,64,64,65,65,67,67,67,67,65,65,65
liber-tracts-rand-00107,00483,2,18,18.0,60,60,60,62,62,62,65,65,65,64,64,65,65,65,67,67,67,69,69,69,65,65,62,62,62,62,62,62,67,67,65,65,65,65,65,65,64,64,64,62,62,60,60,60,62,62,62,65,65,65
liber-tracts-rand-00108,00483,3,24,24.0,65,65,65,65,65,67,67,65,65,62,62,62,62,65,65,65,65,65,65,67,67,65,65,60,60,62,62,64,64,64,64,62,62,60,60,62,62,65,65,67,67,62,62,60,60,62,62,65,65,65
liber-tracts-rand-00109,00483,4,16,16.0,67,67,67,67,65,65,65,64,64,64,65,65,65,64,64,64,62,62,62,64,64,64,64,64,64,62,62,62,62,62,62,67,67,67,69,69,69,67,67,67,67,67,67,62,62,62,65,65,65,65
liber-tracts-rand-00110,00483,5,17,17.0,65,65,65,62,62,62,69,69,69,67,67,67,65,65,65,65,65,65,64,64,64,62,62,62,62,62,60,60,60,64,64,64,64,64,64,62,62,62,64,64,64,65,65,65,67,67,67,62,62,62
liber-tracts-rand-00111,00483,6,12,12.0,62,62,62,62,62,60,60,60,60,62,62,62,62,62,62,62,62,60,60,60,60,62,62,62,62,64,64,64,64,65,65,65,65,67,67,67,67,65,65,65,65,64,64,64,64,65,65,65,65,65
liber-tracts-rand-00112,00483,7,21,21.0,67,67,67,67,67,65,65,67,67,67,60,60,62,62,65,65,65,64,64,65,65,64,64,64,62,62,62,62,60,60,60,62,62,60,60,57,57,57,62,62,60,60,62,62,62,64,64,64,64,64
liber-tracts-rand-00113,00483,8,21,21.0,62,62,62,60,60,62,62,65,65,65,67,67,65,65,65,65,65,62,62,65,65,65,65,65,67,67,69,69,65,65,65,65,65,64,64,67,67,67,65,65,65,65,64,64,64,64,64,62,62,62
liber-tracts-rand-00114,00483,9,11,11.0,64,64,64,64,64,65,65,65,65,64,64,64,64,64,65,65,65,65,64,64,64,64,64,62,62,62,62,62,62,62,62,62,65,65,65,65,67,67,67,67,67,65,65,65,65,67,67,67,67,67
liber-tracts-rand-00115,00483,10,20,20.0,65,65,65,62,62,62,62,62,67,67,67,67,67,64,64,65,65,65,67,67,65,65,65,62,62,62,62,64,64,64,65,65,65,65,65,62,62,62,62,62,65,65,65,65,65,65,65,65,65,65
liber-tracts-rand-00116,00483,11,17,17.0,65,65,65,62,62,62,60,60,60,64,64,64,64,64,64,62,62,62,64,64,64,65,65,65,67,67,62,62,62,62,62,62,60,60,60,60,60,60,64,64,64,65,65,65,62,62,62,62,62,62
liber-tracts-rand-00117,00483,12,15,15.0,60,60,60,60,62,62,62,64,64,64,65,65,65,65,67,67,67,65,65,65,64,64,64,67,67,67,67,69,69,69,70,70,70,67,67,67,67,67,67,67,65,65,65,65,65,65,67,67,67,67
liber-tracts-rand-00118,00483,13,9,9.0,65,65,65,65,65,65,65,65,65,65,65,64,64,64,64,64,64,62,62,62,62,62,60,60,60,60,60,60,62,62,62,62,62,64,64,64,64,64,64,62,62,62,62,62,64,64,64,64,64,64
liber-tracts-rand-00119,00483,14,15,15.0,67,67,67,67,65,65,65,67,67,67,65,65,65,65,62,62,62,64,64,64,65,65,65,69,69,69,69,67,67,67,69,69,69,65,65,65,64,64,64,64,62,62,62,62,62,62,60,60,60,60
liber-tracts-rand-00120,00485,0,21,21.0,67,67,67,65,65,65,65,70,70,70,70,70,70,70,69,69,69,67,67,69,69,69,69,69,67,67,69,69,67,67,67,67,67,65,65,65,65,65,65,65,69,69,72,72,72,72,72,72,72,72
liber-tracts-rand-00121,00485,1,15,15.0,72,72,72,72,69,69,69,72,72,72,72,72,72,72,72,72,72,72,72,72,74,74,74,69,69,69,69,69,69,69,67,67,67,69,69,69,67,67,67,67,72,72,72,72,72,72,69,69,69,69
liber-tracts-rand-00122,00485,2,19,19.0,72,72,72,67,67,67,67,67,65,65,65,67,67,64,64,64,65,65,65,62,62,62,62,62,67,67,67,67,67,67,67,67,67,67,69,69,69,67,67,67,67,67,69,69,67,67,67,72,72,72
liber-tracts-rand-00123,00485,3,16,16.0,72,72,72,72,67,67,67,69,69,69,67,67,67,65,65,65,65,65,65,69,69,69,72,72,72,72,72,72,72,72,72,72,72,72,71,71,71,72,72,72,69,69,69,67,67,67,72,72,72,72
liber-tracts-rand-00124,00485,4,17,17.0,72,72,72,69,69,69,67,67,67,69,69,69,70,70,70,67,67,67,65,65,65,69,69,69,72,72,69,69,69,71,71,71,67,67,67,69,69,69,69,69,69,67,67,67,67,67,67,72,72,72
liber-tracts-rand-00125,00485,5,22,22.0,72,72,72,74,74,76,76,72,72,72,72,72,72,72,67,67,72,72,72,72,72,74,74,76,76,72,72,72,72,72,72,72,69,69,71,71,72,72,69,69,69,67,67,65,65,67,67,69,69,69
liber-tracts-rand-00126,00485,6,18,18.0,71,71,71,72,72,72,72,72,72,74,74,72,72,72,72,72,72,74,74,74,76,76,72,72,72,69,69,69,69,69,67,67,67,69,69,69,69,69,69,72,72,71,71,71,67,67,67,69,69,69
liber-tracts-rand-00127,00485,7,20,20.0,67,67,67,65,65,69,69,69,72,72,71,71,71,72,72,74,74,74,69,69,69,69,69,67,67,69,69,67,67,67,72,72,72,72,72,69,69,72,72,72,67,67,67,67,67,65,65,67,67,67
liber-tracts-rand-00128,00485,8,17,17.0,69,69,69,69,69,69,69,69,69,67,67,67,69,69,69,65,65,65,65,65,65,67,67,67,69,69,69,69,69,67,67,67,69,69,69,72,72,72,71,71,71,72,72,72,74,74,74,67,67,67
liber-tracts-rand-00129,00485,9,18,18.0,69,69,69,67,67,67,69,69,69,71,71,72,72,72,71,71,71,69,69,69,71,71,72,72,72,69,69,69,69,69,67,67,67,69,69,69,67,67,67,67,67,65,65,65,65,65,65,69,69,69
liber-tracts-rand-00130,00485,10,15,15.0,72,72,72,72,72,72,72,72,72,72,71,71,71,71,72,72,72,69,69,69,67,67,67,72,72,72,72,72,72,72,69,69,69,67,67,67,69,69,69,69,70,70,70,67,67,67,65,65,65,65
liber-tracts-rand-00131,00485,11,18,18.0,69,69,69,72,72,72,69,69,69,71,71,67,67,67,69,69,69,69,69,69,67,67,62,62,62,65,65,65,65,65,65,65,65,65,65,65,65,65,65,62,62,65,65,65,69,69,69,65,65,65
liber-tracts-rand-00132,00485,12,23,23.0,67,67,67,65,65,65,65,67,67,69,69,69,69,67,67,67,67,67,69,69,67,67,65,65,67,67,67,67,69,69,72,72,71,71,71,72,72,72,72,69,69,71,71,72,72,72,72,69,69,69
liber-tracts-rand-00133,00485,13,21,21.0,72,72,72,72,72,76,76,74,74,74,72,72,72,72,71,71,71,69,69,67,67,69,69,69,67,67,67,67,69,69,69,65,65,67,67,67,67,67,67,67,69,69,72,72,72,71,71,72,72,72
liber-tracts-rand-00134,00485,14,24,24.0,67,67,67,69,69,69,69,69,69,69,69,69,69,65,65,67,67,69,69,67,67,69,69,67,67,69,69,67,67,69,69,67,67,72,72,72,72,69,69,72,72,67,67,67,67,65,65,65,65,65
liber-tracts-rand-00135,00485,15,20,20.0,69,69,69,72,72,71,71,71,67,67,69,69,69,67,67,65,65,65,67,67,69,69,69,67,67,69,69,72,72,72,71,71,72,72,72,72,72,69,69,69,71,71,72,72,72,72,72,72,72,72
liber-tracts-rand-00136,00485,16,21,21.0,72,72,72,71,71,69,69,71,71,71,69,69,67,67,69,69,69,67,67,67,67,67,67,67,69,69,67,67,67,67,67,69,69,67,67,72,72,72,72,72,67,67,69,69,69,67,67,65,65,65
liber-tracts-rand-00137,00485,17,14,14.0,65,65,65,65,65,65,65,69,69,69,69,72,72,72,72,72,72,72,72,72,72,71,71,71,71,72,72,72,69,69,69,69,67,67,67,67,67,67,67,67,67,67,67,67,67,67,65,65,65,65
liber-tracts-rand-00138,00485,18,17,17.0,65,65,65,64,64,64,65,65,65,72,72,72,72,72,72,72,72,72,74,74,74,72,72,72,71,71,69,69,69,69,69,69,67,67,67,67,67,67,69,69,69,67,67,67,65,65,65,69,69,69
liber-tracts-rand-00139,00728,0,22,22.0,69,69,69,72,72,72,72,74,74,74,74,74,71,71,72,72,69,69,72,72,72,71,71,67,67,69,69,67,67,65,65,65,69,69,72,72,71,71,72,72,72,74,74,69,69,69,69,67,67,67
liber-tracts-rand-00140,00728,1,19,19.0,69,69,69,67,67,67,72,72,72,72,72,69,69,72,72,72,67,67,67,67,67,65,65,65,65,65,69,69,69,72,72,71,71,71,67,67,67,69,69,67,67,67,65,65,67,67,67,69,69,69
liber-tracts-rand-00141,00728,2,10,10.0,67,67,67,67,67,67,67,67,67,67,67,67,67,67,67,69,69,69,69,69,67,67,67,67,67,67,67,67,67,67,69,69,69,69,69,67,67,67,67,67,67,67,67,67,67,69,69,69,69,69
liber-tracts-rand-00142,00728,3,15,15.0,72,72,72,72,71,71,71,72,72,72,72,72,72,72,69,69,69,71,71,71,72,72,72,71,71,71,71,72,72,72,69,69,69,69,69,69,67,67,67,67,67,67,67,67,67,67,69,69,69,69
liber-tracts-rand-00143,00728,4,16,16.0,67,67,67,67,67,67,67,69,69,69,67,67,67,69,69,69,67,67,67,69,69,69,71,71,71,72,72,72,67,67,67,69,69,69,65,65,65,65,65,65,69,69,69,72,72,72,72,72,72,72
liber-tracts-rand-00144,00728,5,16,16.0,72,72,72,72,72,72,72,72,72,72,72,72,72,71,71,71,72,72,72,69,69,69,67,67,67,72,72,72,72,72,72,69,69,69,67,67,67,69,69,69,70,70,70,67,67,67,65,65,65,65
liber-tracts-rand-00145,00728,6,23,23.0,69,69,69,72,72,69,69,71,71,67,67,69,69,69,69,67,67,67,67,67,67,67,69,69,71,71,72,72,71,71,69,69,72,72,72,72,72,74,74,67,67,69,69,67,67,69,69,71,71,71
liber-tracts-rand-00146,00728,7,15,15.0,72,72,72,72,71,71,71,69,69,69,71,71,71,71,72,72,72,69,69,69,69,69,69,67,67,67,67,67,67,67,67,67,67,72,72,72,72,72,72,72,71,71,71,72,72,72,74,74,74,74
liber-tracts-rand-00147,00728,8,19,19.0,72,72,72,72,72,72,71,71,71,71,71,69,69,72,72,72,71,71,71,67,67,69,69,69,67,67,65,65,65,69,69,72,72,72,71,71,71,72,72,74,74,74,69,69,69,69,69,67,67,67
liber-tracts-rand-00148,00728,9,10,10.0,69,69,69,69,69,67,67,67,67,67,72,72,72,72,72,72,72,72,72,72,69,69,69,69,69,72,72,72,72,72,67,67,67,67,67,67,67,67,67,67,65,65,65,65,65,65,65,65,65,65
liber-tracts-rand-00149,00728,10,14,14.0,69,69,69,69,69,69,69,67,67,67,67,69,69,69,67,67,67,67,65,65,65,67,67,67,67,69,69,69,67,67,67,67,67,67,67,69,69,69,69,72,72,72,71,71,71,71,72,72,72,72
liber-tracts-rand-00150,00728,11,12,12.0,72,72,72,72,72,69,69,69,69,71,71,71,71,72,72,72,72,72,72,72,72,72,72,72,72,72,72,72,72,71,71,71,71,69,69,69,69,71,71,71,71,69,69,69,69,67,67,67,67,67
liber-tracts-rand-00151,00728,12,12,12.0,69,69,69,69,69,67,67,67,67,67,67,67,67,67,67,67,67,67,67,67,67,69,69,69,69,67,67,67,67,69,69,69,69,71,71,71,71,72,72,72,72,67,67,67,67,69,69,69,69,69
liber-tracts-rand-00152,00728,13,17,17.0,67,67,67,65,65,65,65,65,65,69,69,69,72,72,72,72,72,72,72,72,72,72,72,72,71,71,72,72,72,69,69,69,67,67,67,72,72,72,72,72,72,69,69,69,67,67,67,69,69,69
liber-tracts-rand-00153,00728,14,19,19.0,70,70,70,67,67,67,65,65,69,69,69,72,72,69,69,69,71,71,71,67,67,69,69,69,69,69,67,67,67,67,67,62,62,62,67,67,67,69,69,67,67,67,69,69,72,72,72,71,71,71
liber-tracts-rand-00154,00728,15,21,21.0,72,72,72,72,72,72,72,72,72,72,71,71,67,67,69,69,69,67,67,69,69,71,71,71,72,72,71,71,69,69,69,71,71,72,72,69,69,69,69,69,67,67,69,69,69,67,67,67,67,67
liber-tracts-rand-00155,00728,16,14,14.0,65,65,65,65,67,67,67,69,69,69,69,72,72,72,71,71,71,71,72,72,72,72,72,72,72,67,67,67,67,67,67,67,67,67,67,69,69,69,69,69,69,69,69,69,69,69,69,69,69,69
liber-tracts-rand-00156,00728,17,14,14.0,69,69,69,69,65,65,65,67,67,67,67,69,69,69,67,67,67,67,69,69,69,67,67,67,67,69,69,69,67,67,67,67,69,69,69,67,67,67,67,72,72,72,72,72,72,72,69,69,69,69
liber-tracts-rand-00157,00728,18,18,18.0,72,72,72,67,67,67,67,67,67,65,65,67,67,67,69,69,69,65,65,65,67,67,67,67,67,69,69,69,72,72,71,71,71,72,72,72,72,72,72,69,69,71,71,71,72,72,72,72,72,72
liber-tracts-rand-00158,00728,19,18,18.0,72,72,72,72,72,72,71,71,71,69,69,71,71,71,69,69,69,67,67,67,69,69,67,67,67,67,67,67,67,67,69,69,69,67,67,67,69,69,69,67,67,69,69,69,71,71,71,72,72,72
liber-tracts-rand-00159,00728,20,20,20.0,67,67,67,69,69,65,65,65,65,65,69,69,69,71,71,72,72,72,74,74,72,72,72,72,72,72,72,71,71,71,72,72,69,69,69,67,67,67,67,67,67,67,69,69,69,67,67,67,67,67
liber-tracts-rand-00160,00728,21,16,16.0,65,65,65,65,67,67,67,72,72,72,72,72,72,72,72,72,74,74,74,72,72,72,71,71,71,69,69,69,69,69,69,67,67,67,69,69,69,72,72,72,71,71,71,69,69,69,67,67,67,67
liber-tracts-rand-00161,00763,0,14,14.0,65,65,65,65,67,67,67,69,69,69,69,69,69,69,67,67,67,67,69,69,69,67,67,67,67,67,67,67,65,65,65,65,65,65,65,67,67,67,67,69,69,69,69,69,69,69,67,67,67,67
liber-tracts-rand-00162,00763,1,27,27.0,69,69,67,67,65,65,67,67,65,65,67,69,69,65,65,67,67,65,65,65,67,67,70,70,70,70,67,67,67,67,69,70,70,70,70,69,69,70,70,69,69,69,67,67,67,67,69,69,70,70
liber-tracts-rand-00163,00763,2,20,20.0,70,70,70,69,69,70,70,70,69,69,67,67,67,69,69,67,67,67,69,69,67,67,67,67,67,65,65,65,65,65,69,69,72,72,72,72,72,72,72,72,72,72,72,72,72,71,71,69,69,69
liber-tracts-rand-00164,00763,3,15,15.0,72,72,72,72,69,69,69,69,69,69,67,67,67,67,67,67,67,69,69,69,69,69,69,72,72,72,72,72,72,72,69,69,69,69,69,69,67,67,67,67,67,67,67,65,65,65,67,67,67,67
liber-tracts-rand-00165,00763,4,16,16.0,69,69,69,69,65,65,65,67,67,67,70,70,70,69,69,69,70,70,70,67,67,67,65,65,65,67,67,67,69,69,69,67,67,67,69,69,69,67,67,67,69,69,69,67,67,67,72,72,72,72
liber-tracts-rand-00166,00763,5,14,14.0,72,72,72,72,69,69,69,72,72,72,72,67,67,67,67,67,67,67,65,65,65,65,65,65,65,69,69,69,70,70,70,70,69,69,69,70,70,70,70,67,67,67,72,72,72,72,72,72,72,72
liber-tracts-rand-00167,00763,6,17,17.0,72,72,72,72,72,72,71,71,71,72,72,72,72,72,72,72,72,72,72,72,72,72,72,72,71,71,67,67,67,69,69,69,67,67,67,69,69,69,71,71,71,72,72,72,71,71,71,69,69,69
liber-tracts-rand-00168,00763,7,22,22.0,71,71,71,72,72,69,69,69,69,67,67,67,67,67,67,67,69,69,69,69,69,69,69,67,67,69,69,65,65,67,67,67,69,69,69,69,67,67,67,67,67,69,69,67,67,67,67,64,64,64
liber-tracts-rand-00169,00763,8,19,19.0,65,65,65,62,62,62,67,67,67,67,67,65,65,65,65,65,67,67,67,69,69,67,67,67,69,69,69,69,69,67,67,69,69,69,67,67,67,69,69,65,65,65,65,65,69,69,69,72,72,72
liber-tracts-rand-00170,00763,9,26,26.0,72,72,71,71,72,72,67,67,72,72,72,72,69,69,67,67,69,70,70,67,67,65,65,69,69,72,72,69,69,71,71,67,67,65,67,67,67,67,69,69,69,69,67,67,67,67,67,67,67,67
liber-tracts-rand-00171,00763,10,10,10.0,62,62,62,62,62,67,67,67,67,67,69,69,69,69,69,72,72,72,72,72,71,71,71,71,71,71,71,71,71,71,72,72,72,72,72,67,67,67,67,67,65,65,65,65,65,67,67,67,67,67
liber-tracts-rand-00172,00763,11,13,13.0,67,67,67,67,69,69,69,69,67,67,67,67,67,67,67,67,67,67,67,69,69,69,69,71,71,71,71,72,72,72,72,72,72,72,72,72,72,72,72,72,72,72,72,72,72,72,72,72,72,72
liber-tracts-rand-00173,00763,12,12,12.0,69,69,69,69,69,72,72,72,72,72,72,72,72,76,76,76,76,74,74,74,74,72,72,72,72,72,72,72,72,71,71,71,71,69,69,69,69,67,67,67,67,69,69,69,69,67,67,67,67,67
liber-tracts-rand-00174,00763,13,16,16.0,69,69,69,69,67,67,67,69,69,69,71,71,71,72,72,72,67,67,67,65,65,65,67,67,67,69,69,69,72,72,72,74,74,74,72,72,72,72,72,72,67,67,67,72,72,72,74,74,74,74
liber-tracts-rand-00175,00763,14,29,29.0,72,72,72,72,72,72,72,74,74,72,72,72,69,69,72,72,71,72,72,72,72,71,67,67,69,69,72,72,69,72,72,69,69,65,67,67,69,69,72,71,71,67,67,69,72,72,69,69,65,65
liber-tracts-rand-00176,00763,15,15,15.0,67,67,67,67,67,67,67,69,69,69,69,69,69,69,67,67,67,72,72,72,72,72,72,71,71,71,71,72,72,72,71,71,71,71,71,71,67,67,67,67,69,69,69,72,72,72,72,72,72,72
liber-tracts-rand-00177,00763,16,24,24.0,71,71,71,72,72,71,71,71,71,69,69,69,69,67,67,67,67,69,69,67,67,65,65,65,65,67,67,67,67,64,64,65,65,62,62,62,62,67,67,67,67,67,67,67,67,69,69,67,67,67
liber-tracts-rand-00178,00763,17,18,18.0,67,67,67,65,65,65,67,67,67,69,69,72,72,72,72,72,72,69,69,69,72,72,72,72,72,69,69,69,67,67,69,69,69,72,72,72,71,71,71,72,72,69,69,69,71,71,71,72,72,72
liber-tracts-rand-00179,00763,18,17,17.0,69,69,69,71,71,71,69,69,69,67,67,67,69,69,69,69,69,69,67,67,67,67,67,67,67,67,72,72,72,72,72,72,72,72,72,72,72,72,72,72,72,71,71,71,74,74,74,76,76,76
liber-tracts-rand-00180,00763,19,14,14.0,72,72,72,72,72,72,72,69,69,69,69,72,72,72,69,69,69,69,69,69,69,67,67,67,67,69,69,69,67,67,67,67,72,72,72,72,72,72,72,69,69,69,72,72,72,72,67,67,67,67
liber-tracts-rand-00181,00763,20,15,15.0,67,67,67,67,65,65,65,67,67,67,69,69,69,69,67,67,67,69,69,69,67,67,67,69,69,69,69,71,71,71,72,72,72,67,67,67,69,69,69,69,65,65,65,69,69,69,72,72,72,72
liber-tracts-rand-00182,00763,21,18,18.0,72,72,72,72,72,72,71,71,71,72,72,69,69,69,67,67,67,67,67,67,67,67,69,69,69,67,67,67,67,67,65,65,65,67,67,67,72,72,72,72,72,72,72,72,74,74,74,72,72,72
liber-tracts-rand-00183,00763,22,16,16.0,71,71,71,71,69,69,69,69,69,69,67,67,67,69,69,69,72,72,72,71,71,71,69,69,69,67,67,67,67,67,67,69,69,69,65,65,65,69,69,69,71,71,71,72,72,72,71,71,71,71
liber-tracts-rand-00184,00837,0,12,12.0,69,69,69,69,69,67,67,67,67,65,65,65,65,67,67,67,67,69,69,69,69,69,69,69,69,67,67,67,67,69,69,69,69,72,72,72,72,71,71,71,71,72,72,72,72,69,69,69,69,69
liber-tracts-rand-00185,00837,1,21,21.0,72,72,72,72,72,72,72,72,72,72,74,74,69,69,69,69,69,67,67,69,69,67,67,67,72,72,72,72,69,69,69,72,72,67,67,67,67,67,65,65,65,65,69,69,69,72,72,71,71,71
liber-tracts-rand-00186,00837,2,19,19.0,67,67,67,69,69,69,67,67,65,65,65,67,67,69,69,69,67,67,67,69,69,72,72,72,71,71,72,72,72,72,72,69,69,69,71,71,71,72,72,72,72,72,72,72,72,72,72,71,71,71
liber-tracts-rand-00187,00837,3,14,14.0,69,69,69,69,71,71,71,69,69,69,69,67,67,67,69,69,69,69,67,67,67,67,67,67,67,69,69,69,67,67,67,67,69,69,69,71,71,71,71,72,72,72,67,67,67,67,69,69,69,69
liber-tracts-rand-00188,00837,4,18,18.0,67,67,67,65,65,65,65,65,65,65,65,69,69,69,72,72,72,72,72,72,72,72,71,71,71,72,72,72,69,69,67,67,67,72,72,72,72,72,72,69,69,67,67,67,69,69,69,70,70,70
liber-tracts-rand-00189,00837,5,18,18.0,67,67,67,65,65,65,69,69,69,72,72,69,69,69,71,71,71,67,67,67,67,67,69,69,69,69,69,69,67,67,67,67,67,67,67,67,67,67,67,67,67,69,69,69,71,71,71,72,72,72
liber-tracts-rand-00190,00837,6,11,11.0,72,72,72,72,72,72,72,72,72,72,72,72,72,72,72,72,72,72,71,71,71,71,71,72,72,72,72,72,72,72,72,72,72,72,72,72,71,71,71,71,71,72,72,72,72,72,72,72,72,72
liber-tracts-rand-00191,00837,7,19,19.0,72,72,72,72,72,72,74,74,72,72,72,67,67,69,69,69,67,67,67,69,69,71,71,71,72,72,71,71,71,69,69,71,71,71,72,72,72,69,69,69,69,69,67,67,65,65,65,69,69,69
liber-tracts-rand-00192,00837,8,14,14.0,72,72,72,72,71,71,71,67,67,67,67,69,69,69,67,67,67,67,65,65,65,67,67,67,67,69,69,69,67,67,67,67,69,69,69,67,67,67,67,67,67,67,69,69,69,69,72,72,72,72
liber-tracts-rand-00193,00837,9,19,19.0,71,71,71,72,72,72,72,72,69,69,69,71,71,72,72,72,72,72,72,72,72,72,72,72,71,71,69,69,69,71,71,69,69,69,67,67,67,69,69,67,67,67,67,67,69,69,69,67,67,67
liber-tracts-rand-00194,00837,10,19,19.0,72,72,72,72,72,72,67,67,69,69,69,67,67,65,65,65,65,65,65,69,69,72,72,72,72,72,72,72,72,72,72,71,71,71,72,72,72,69,69,67,67,67,72,72,72,72,72,69,69,69
liber-tracts-rand-00195,00837,11,28,28.0,67,67,69,69,70,70,67,65,65,69,69,72,72,69,71,71,67,67,69,69,69,67,67,67,67,67,67,67,62,62,67,67,69,69,71,69,69,72,72,72,72,72,72,72,72,72,74,74,72,72
liber-tracts-rand-00196,00837,12,20,20.0,67,67,67,69,69,67,67,67,69,69,71,71,71,72,72,71,71,71,69,69,71,71,71,72,72,69,69,69,69,69,67,67,67,67,67,67,67,69,69,69,67,67,65,65,65,67,67,72,72,72
liber-tracts-rand-00197,00837,13,18,18.0,72,72,72,69,69,69,72,72,72,71,71,72,72,72,72,72,72,72,72,72,72,72,74,74,74,69,69,69,69,69,67,67,67,69,69,69,67,67,67,72,72,72,72,72,69,69,69,72,72,72
liber-tracts-rand-00198,00837,14,22,22.0,67,67,67,67,67,65,65,65,65,69,69,69,72,72,71,71,67,67,69,69,69,67,67,65,65,67,67,69,69,67,67,67,67,67,69,69,72,72,71,71,71,72,72,72,72,69,69,71,71,71
liber-tracts-rand-00199,00837,15,17,17.0,72,72,72,72,72,72,72,72,72,72,72,72,71,71,71,69,69,69,71,71,71,69,69,69,67,67,69,69,69,67,67,67,67,67,67,69,69,69,67,67,67,69,69,69,71,71,71,72,72,72
liber-tracts-rand-00200,00837,16,20,20.0,67,67,67,69,69,67,67,67,65,65,65,65,65,69,69,71,71,71,72,72,74,74,74,72,72,72,72,72,72,72,71,71,72,72,72,69,69,67,67,67,67,67,67,67,67,69,69,67,67,67
liber-tracts-rand-00201,00837,17,14,14.0,67,67,67,67,65,65,65,67,67,67,67,72,72,72,72,72,72,72,72,72,72,74,74,74,74,72,72,72,71,71,71,71,69,69,69,69,69,69,69,67,67,67,69,69,69,69,72,72,72,72
liber-tracts-rand-00202,00884,0,18,18.0,62,62,62,64,64,64,62,62,62,64,64,65,65,65,67,67,67,67,67,67,65,65,65,65,65,64,64,64,62,62,60,60,60,60,60,60,62,62,62,64,64,62,62,62,64,64,64,64,64,64
liber-tracts-rand-00203,00884,1,18,18.0,62,62,62,64,64,64,65,65,65,67,67,62,62,62,62,62,62,60,60,60,64,64,65,65,65,62,62,62,60,60,62,62,62,64,64,64,65,65,65,67,67,65,65,65,67,67,67,65,65,65
liber-tracts-rand-00204,00884,2,25,25.0,64,64,65,65,67,67,67,67,65,65,65,65,67,67,69,69,69,69,67,67,69,69,65,65,62,62,62,62,60,60,64,64,62,62,65,65,67,67,65,65,64,64,65,65,67,67,62,62,62,62
liber-tracts-rand-00205,00884,3,13,13.0,60,60,60,60,65,65,65,65,65,65,65,65,65,65,65,65,64,64,64,62,62,62,62,62,62,62,62,64,64,64,64,64,64,64,62,62,62,62,65,65,65,65,64,64,64,64,65,65,65,65
liber-tracts-rand-00206,00884,4,27,27.0,67,67,67,67,69,69,67,67,64,64,65,67,67,65,65,67,67,62,62,60,65,65,65,65,67,67,69,69,69,69,67,65,65,64,64,65,65,64,64,62,64,64,64,64,62,62,62,62,62,62
liber-tracts-rand-00207,00884,5,17,17.0,67,67,67,65,65,65,67,67,67,65,65,65,62,62,62,62,62,62,60,60,60,65,65,65,67,67,65,65,65,62,62,62,62,62,62,60,60,60,65,65,65,64,64,64,62,62,62,67,67,67
liber-tracts-rand-00208,00884,6,13,13.0,65,65,65,65,65,65,65,65,64,64,64,64,62,62,62,62,65,65,65,62,62,62,62,62,62,62,62,60,60,60,60,62,62,62,60,60,60,60,62,62,62,62,64,64,64,64,65,65,65,65
liber-tracts-rand-00209,00884,7,17,17.0,67,67,67,65,65,65,67,67,67,65,65,65,64,64,64,65,65,65,67,67,67,67,67,67,65,65,65,65,65,67,67,67,65,65,65,67,67,67,65,65,65,62,62,62,65,65,65,65,65,65
liber-tracts-rand-00210,00884,8,20,20.0,62,62,62,64,64,62,62,62,60,60,62,62,62,62,62,60,60,60,62,62,57,57,57,60,60,62,62,65,65,65,65,65,67,67,67,62,62,62,62,62,60,60,65,65,65,65,65,65,65,65
liber-tracts-rand-00211,00884,9,7,7.0,64,64,64,64,64,64,64,62,62,62,62,62,62,62,62,62,62,62,62,62,62,64,64,64,64,64,64,64,64,64,64,64,64,64,64,62,62,62,62,62,62,62,62,62,62,62,62,62,62,62
liber-tracts-rand-00212,00884,10,20,20.0,60,60,60,62,62,65,65,65,64,64,65,65,65,62,62,64,64,64,62,62,60,60,60,65,65,67,67,69,69,69,69,69,65,65,65,69,69,67,67,67,65,65,67,67,67,65,65,65,65,65
liber-tracts-rand-00213,00884,11,16,16.0,64,64,64,64,60,60,60,62,62,62,65,65,65,64,64,64,65,65,65,67,67,67,65,65,65,64,64,64,62,62,62,64,64,64,62,62,62,60,60,60,62,62,62,60,60,60,62,62,62,62
liber-tracts-rand-00214,00884,12,13,13.0,64,64,64,64,62,62,62,62,62,62,62,62,60,60,60,60,62,62,62,64,64,64,64,65,65,65,65,67,67,67,67,65,65,65,64,64,64,64,65,65,65,65,67,67,67,67,67,67,67,67
liber-tracts-rand-00215,00884,13,20,20.0,65,65,65,65,65,64,64,64,62,62,60,60,60,62,62,65,65,65,65,65,64,64,64,65,65,67,67,69,69,69,65,65,65,65,65,64,64,67,67,67,65,65,65,65,65,64,64,64,64,64
liber-tracts-rand-00216,00884,14,19,19.0,62,62,62,64,64,64,65,65,64,64,64,65,65,64,64,64,62,62,62,65,65,67,67,67,69,69,67,67,67,65,65,67,67,67,69,69,69,67,67,69,69,69,70,70,67,67,67,65,65,65
liber-tracts-rand-00217,00884,15,15,15.0,69,69,69,69,67,67,67,69,69,69,70,70,70,70,67,67,67,65,65,65,69,69,69,69,69,69,69,67,67,67,69,69,69,67,67,67,65,65,65,65,69,69,69,69,69,69,67,67,67,67
liber-tracts-rand-00218,00884,16,18,18.0,69,69,69,67,67,67,65,65,65,69,69,67,67,67,69,69,69,67,67,67,67,67,62,62,62,62,62,62,65,65,67,67,67,69,69,69,69,69,69,67,67,65,65,65,64,64,64,65,65,65
liber-tracts-rand-00219,00884,17,17,17.0,64,64,64,62,62,62,64,64,64,64,64,64,62,62,62,62,62,62,64,64,64,62,62,62,60,60,62,62,62,64,64,64,65,65,65,67,67,67,65,65,65,64,64,64,67,67,67,69,69,69
liber-tracts-rand-00220,00884,18,30,30.0,70,70,67,67,67,65,65,65,65,67,65,65,65,65,60,62,62,64,62,62,64,64,67,65,65,67,67,65,62,62,64,64,65,69,69,67,69,69,65,65,64,62,62,62,62,60,62,62,65,65
liber-tracts-rand-00221,00884,19,11,11.0,65,65,65,65,65,67,67,67,67,69,69,69,69,69,67,67,67,67,64,64,64,64,64,65,65,65,65,64,64,64,64,64,65,65,65,65,69,69,69,69,69,67,67,67,67,65,65,65,65,65
liber-tracts-rand-00222,00949,0,19,19.0,62,62,62,64,64,64,62,62,60,60,60,62,62,65,65,65,64,64,64,65,65,64,64,64,65,65,64,64,64,62,62,60,60,60,62,62,62,64,64,62,62,62,64,64,65,65,65,64,64,64
liber-tracts-rand-00223,00949,1,21,21.0,65,65,65,64,64,62,62,64,64,64,62,62,60,60,62,62,62,65,65,65,65,64,64,64,65,65,67,67,65,65,65,64,64,60,60,62,62,62,64,64,62,62,64,64,64,62,62,60,60,60
liber-tracts-rand-00224,00949,2,16,16.0,64,64,64,64,64,64,64,62,62,62,64,64,64,65,65,65,67,67,67,62,62,62,62,62,62,60,60,60,60,60,60,64,64,64,65,65,65,62,62,62,62,62,62,62,62,62,60,60,60,60
liber-tracts-rand-00225,00949,3,10,10.0,62,62,62,62,62,64,64,64,64,64,65,65,65,65,65,67,67,67,67,67,65,65,65,65,65,64,64,64,64,64,65,65,65,65,65,67,67,67,67,67,67,67,67,67,67,65,65,65,65,65
liber-tracts-rand-00226,00949,4,17,17.0,67,67,67,67,67,67,60,60,60,62,62,62,65,65,65,64,64,64,65,65,65,67,67,67,65,65,67,67,67,62,62,62,62,62,62,64,64,64,64,64,64,62,62,62,60,60,60,62,62,62
liber-tracts-rand-00227,00949,5,12,12.0,65,65,65,65,65,65,65,65,65,67,67,67,67,62,62,62,62,65,65,65,65,67,67,67,67,67,67,67,67,65,65,65,65,64,64,64,64,65,65,65,65,64,64,64,64,62,62,62,62,62
liber-tracts-rand-00228,00949,6,19,19.0,64,64,64,64,64,64,62,62,62,62,62,60,60,62,62,62,65,65,65,64,64,65,65,65,62,62,62,62,62,65,65,65,65,65,65,65,65,65,65,65,65,65,62,62,60,60,60,64,64,64
liber-tracts-rand-00229,00949,7,16,16.0,64,64,64,64,62,62,62,64,64,64,65,65,65,67,67,67,62,62,62,62,62,62,60,60,60,60,60,60,64,64,64,65,65,65,62,62,62,62,62,62,60,60,60,62,62,62,64,64,64,64
liber-tracts-rand-00230,00949,8,20,20.0,65,65,65,67,67,65,65,65,64,64,65,65,65,67,67,67,67,67,65,65,60,60,60,62,62,60,60,65,65,65,65,65,64,64,64,65,65,67,67,67,65,65,65,65,65,65,65,64,64,64
liber-tracts-rand-00231,00949,9,23,23.0,65,65,65,67,67,69,69,65,65,62,62,64,64,65,65,64,64,64,65,65,64,64,62,62,62,62,64,64,64,64,62,62,60,60,60,62,62,65,65,67,67,65,65,67,67,65,65,62,62,62
liber-tracts-rand-00232,00949,10,18,18.0,62,62,62,64,64,64,65,65,65,65,65,67,67,67,69,69,69,69,69,69,67,67,65,65,65,64,64,64,65,65,64,64,64,62,62,62,64,64,64,64,64,62,62,62,65,65,65,67,67,67
liber-tracts-rand-00233,00949,11,14,14.0,65,65,65,65,64,64,64,62,62,62,62,62,62,62,65,65,65,65,64,64,64,65,65,65,65,67,67,67,67,67,67,67,65,65,65,65,65,65,65,64,64,64,62,62,62,62,60,60,60,60
liber-tracts-rand-00234,00949,12,23,23.0,60,60,60,62,62,64,64,62,62,64,64,64,64,62,62,64,64,64,65,65,67,67,62,62,62,62,60,60,60,60,64,64,65,65,65,62,62,62,62,64,64,62,62,62,62,62,62,62,62,62
liber-tracts-rand-00235,00949,13,17,17.0,62,62,62,62,62,62,64,64,64,62,62,62,62,62,62,60,60,60,62,62,62,64,64,64,65,65,67,67,67,65,65,65,64,64,64,67,67,67,69,69,69,70,70,70,67,67,67,67,67,67
liber-tracts-rand-00236,00949,14,17,17.0,65,65,65,65,65,65,65,65,65,67,67,67,65,65,65,65,65,65,65,65,65,65,65,65,65,65,65,65,65,67,67,67,65,65,65,65,65,65,60,60,60,62,62,62,64,64,64,65,65,65
liber-tracts-rand-00237,00949,15,12,12.0,64,64,64,64,64,65,65,65,65,64,64,64,64,65,65,65,65,67,67,67,67,65,65,65,65,67,67,67,67,62,62,62,62,62,62,62,62,60,60,60,60,62,62,62,62,65,65,65,65,65
liber-tracts-rand-00238,00949,16,16,16.0,65,65,65,65,67,67,67,69,69,69,67,67,67,64,64,64,65,65,65,64,64,64,65,65,65,69,69,69,67,67,67,65,65,65,65,65,65,64,64,64,62,62,62,64,64,64,64,64,64,64
liber-tracts-rand-00239,01029,0,16,16.0,64,64,64,64,65,65,65,64,64,64,65,65,65,64,64,64,62,62,62,64,64,64,62,62,62,64,64,64,65,65,65,64,64,64,65,65,65,64,64,64,62,62,62,64,64,64,62,62,62,62
liber-tracts-rand-00240,01029,1,19,19.0,60,60,60,60,60,60,62,62,65,65,65,65,65,67,67,67,65,65,65,65,65,64,64,64,64,64,62,62,62,62,62,60,60,60,60,60,60,62,62,64,64,64,62,62,64,64,64,64,64,64
liber-tracts-rand-00241,01029,2,22,22.0,62,62,62,64,64,65,65,67,67,62,62,62,62,62,60,60,60,60,64,64,64,65,65,62,62,62,62,60,60,62,62,62,64,64,65,65,67,67,65,65,65,64,64,65,65,67,67,67,67,67
liber-tracts-rand-00242,01029,3,21,21.0,65,65,65,60,60,62,62,60,60,60,65,65,65,65,64,64,64,65,65,67,67,65,65,65,65,65,64,64,62,62,62,62,62,64,64,64,64,64,62,62,60,60,62,62,62,65,65,67,67,67
liber-tracts-rand-00243,01029,4,12,12.0,65,65,65,65,65,65,65,65,65,62,62,62,62,64,64,64,64,65,65,65,65,64,64,64,64,64,64,64,64,62,62,62,62,65,65,65,65,67,67,67,67,65,65,65,65,65,65,65,65,65
liber-tracts-rand-00244,01029,5,17,17.0,64,64,64,67,67,67,69,69,69,67,67,67,67,67,67,64,64,64,65,65,65,67,67,67,64,64,65,65,65,62,62,62,62,62,62,65,65,65,65,65,65,64,64,64,62,62,62,62,62,62
liber-tracts-rand-00245,01029,6,12,12.0,62,62,62,62,62,62,62,62,62,65,65,65,65,64,64,64,64,65,65,65,65,62,62,62,62,62,62,62,62,62,62,62,62,64,64,64,64,62,62,62,62,62,62,62,62,65,65,65,65,65
liber-tracts-rand-00246,01029,7,20,20.0,65,65,65,65,65,65,65,65,65,65,62,62,62,60,60,64,64,64,64,64,62,62,62,64,64,65,65,67,67,67,62,62,62,62,62,60,60,60,60,60,64,64,65,65,65,62,62,62,62,62
liber-tracts-rand-00247,01029,8,28,28.0,60,60,62,62,64,64,65,67,67,65,65,64,64,65,67,67,67,67,65,65,60,62,62,60,60,65,65,64,65,65,65,65,64,64,65,67,67,65,65,65,65,64,62,62,62,62,64,64,64,64
liber-tracts-rand-00248,01029,9,23,23.0,62,62,62,60,60,62,62,65,65,67,67,65,65,65,65,62,62,62,65,65,65,65,67,67,69,69,65,65,65,65,64,64,67,67,67,65,65,65,65,64,64,64,64,62,62,64,64,65,65,65
liber-tracts-rand-00249,01029,10,18,18.0,64,64,64,65,65,65,64,64,64,62,62,65,65,65,65,65,65,65,65,65,64,64,62,62,62,62,62,62,62,62,65,65,65,64,64,64,65,65,65,64,64,62,62,62,62,62,62,60,60,60
liber-tracts-rand-00250,01029,11,18,18.0,64,64,64,64,64,64,62,62,62,64,64,65,65,65,67,67,67,62,62,62,62,62,60,60,60,64,64,64,65,65,62,62,62,62,62,62,62,62,62,60,60,62,62,62,64,64,64,65,65,65
liber-tracts-rand-00251,01029,12,13,13.0,67,67,67,67,65,65,65,65,64,64,64,64,65,65,65,65,67,67,67,67,67,67,67,65,65,65,65,60,60,60,60,62,62,62,60,60,60,60,65,65,65,65,64,64,64,64,65,65,65,65
liber-tracts-rand-00252,01029,13,18,18.0,67,67,67,65,65,65,65,65,65,64,64,62,62,62,62,62,62,64,64,64,64,64,62,62,62,65,65,65,67,67,69,69,69,67,67,67,67,67,67,69,69,67,67,67,69,69,69,70,70,70
liber-tracts-rand-00253,01029,14,16,16.0,67,67,67,67,65,65,65,69,69,69,67,67,67,69,69,69,70,70,70,67,67,67,65,65,65,69,69,69,69,69,69,67,67,67,69,69,69,67,67,67,65,65,65,69,69,69,69,69,69,69
liber-tracts-rand-00254,01029,15,11,11.0,67,67,67,67,67,69,69,69,69,67,67,67,67,67,65,65,65,65,69,69,69,69,69,67,67,67,67,69,69,69,69,69,67,67,67,67,67,67,67,67,67,62,62,62,62,65,65,65,65,65
liber-tracts-rand-00255,01029,16,14,14.0,67,67,67,67,65,65,65,64,64,64,64,62,62,62,62,62,62,62,62,62,62,67,67,67,67,69,69,69,67,67,67,67,67,67,67,62,62,62,62,65,65,65,65,65,65,65,62,62,62,62
liber-tracts-rand-00256,01029,17,15,15.0,69,69,69,69,67,67,67,65,65,65,65,65,65,65,64,64,64,62,62,62,62,62,62,60,60,60,60,64,64,64,64,64,64,62,62,62,64,64,64,64,65,65,65,67,67,67,62,62,62,62
liber-tracts-rand-00257,01029,18,13,13.0,62,62,62,62,60,60,60,60,64,64,64,64,65,65,65,65,62,62,62,62,62,62,62,62,62,62,62,60,60,60,60,62,62,62,64,64,64,64,65,65,65,65,67,67,67,67,65,65,65,65
liber-tracts-rand-00258,01029,19,21,21.0,64,64,64,67,67,69,69,70,70,70,67,67,67,67,65,65,65,65,65,67,67,65,65,65,65,65,60,60,62,62,62,64,64,62,62,64,64,64,67,67,65,65,67,67,67,65,65,62,62,62
liber-tracts-rand-00259,01029,20,13,13.0,64,64,64,64,65,65,65,65,69,69,69,69,67,67,67,67,69,69,69,65,65,65,65,64,64,64,64,62,62,62,62,62,62,62,60,60,60,60,62,62,62,62,65,65,65,65,65,65,65,65
liber-tracts-rand-00260,01156,0,16,16.0,62,62,62,62,60,60,60,62,62,62,65,65,65,65,65,65,65,65,65,64,64,64,65,65,65,64,64,64,65,65,65,64,64,64,62,62,62,60,60,60,62,62,62,64,64,64,62,62,62,62
liber-tracts-rand-00261,01156,1,21,21.0,64,64,64,65,65,64,64,65,65,65,64,64,62,62,64,64,64,62,62,60,60,62,62,62,65,65,67,67,65,65,65,64,64,62,62,62,62,62,62,62,65,65,64,64,64,65,65,67,67,67
liber-tracts-rand-00262,01156,2,18,18.0,67,67,67,65,65,65,65,65,65,64,64,62,62,62,60,60,60,60,60,60,62,62,64,64,64,62,62,62,64,64,64,64,64,62,62,62,64,64,64,65,65,67,67,67,62,62,62,62,62,62
liber-tracts-rand-00263,01156,3,16,16.0,60,60,60,60,60,60,60,60,60,60,64,64,64,65,65,65,62,62,62,62,62,62,64,64,64,62,62,62,62,62,62,60,60,60,62,62,62,64,64,64,62,62,62,62,62,62,62,62,62,62
liber-tracts-rand-00264,01156,4,18,18.0,62,62,62,60,60,60,62,62,62,64,64,65,65,65,67,67,67,65,65,65,64,64,65,65,65,67,67,67,67,67,65,65,65,60,60,60,65,65,65,64,64,65,65,65,67,67,67,65,65,65
liber-tracts-rand-00265,01156,5,15,15.0,65,65,65,65,64,64,64,62,62,62,62,62,62,62,64,64,64,64,64,64,62,62,62,65,65,65,65,67,67,67,67,67,67,69,69,69,67,67,67,67,65,65,65,67,67,67,69,69,69,69
liber-tracts-rand-00266,01156,6,12,12.0,67,67,67,67,67,69,69,69,69,70,70,70,70,67,67,67,67,65,65,65,65,69,69,69,69,67,67,67,67,69,69,69,69,70,70,70,70,67,67,67,67,65,65,65,65,69,69,69,69,69
liber-tracts-rand-00267,01156,7,19,19.0,69,69,69,67,67,67,69,69,67,67,67,65,65,69,69,69,69,69,69,67,67,69,69,69,67,67,65,65,65,69,69,67,67,67,69,69,69,67,67,67,67,67,62,62,62,62,62,62,62,62
liber-tracts-rand-00268,01156,8,23,23.0,62,62,62,62,62,60,60,65,65,65,65,67,67,69,69,69,69,69,67,67,65,65,64,64,65,65,64,64,62,62,64,64,64,64,64,62,62,62,62,62,62,67,67,67,67,67,67,69,69,69
liber-tracts-rand-00269,01156,9,29,29.0,62,62,67,67,69,69,67,67,67,62,62,65,65,65,62,62,69,67,67,65,65,65,64,64,62,62,62,62,60,64,64,64,64,62,64,64,65,65,67,62,62,62,62,60,64,64,65,65,62,62
liber-tracts-rand-00270,01156,10,15,15.0,62,62,62,62,60,60,60,62,62,62,64,64,64,64,65,65,65,67,67,67,65,65,65,64,64,64,64,67,67,67,69,69,69,70,70,70,67,67,67,67,67,67,67,65,65,65,65,65,65,65
liber-tracts-rand-00271,01156,11,25,25.0,67,67,65,65,65,65,64,64,62,62,60,60,62,62,64,64,62,62,64,64,67,67,65,65,67,67,65,65,62,62,64,64,65,65,69,69,67,67,69,69,65,65,64,64,62,62,62,62,60,60
liber-tracts-rand-00272,01156,12,15,15.0,62,62,62,62,65,65,65,65,65,65,67,67,67,67,69,69,69,67,67,67,64,64,64,65,65,65,65,64,64,64,65,65,65,69,69,69,67,67,67,67,65,65,65,65,65,65,64,64,64,64
liber-tracts-rand-00273,01157,0,23,23.0,67,67,67,69,69,72,72,72,72,74,74,69,69,67,67,69,69,69,67,67,67,67,65,65,65,65,69,69,72,72,72,72,72,72,72,72,72,69,69,67,67,67,67,71,71,69,69,67,67,67
liber-tracts-rand-00274,01157,1,17,17.0,69,69,69,67,67,67,69,69,69,67,67,67,69,69,69,67,67,67,72,72,72,72,72,72,69,69,72,72,72,67,67,67,67,67,67,65,65,65,67,67,67,69,69,69,65,65,65,67,67,67
liber-tracts-rand-00275,01157,2,20,20.0,67,67,67,67,67,69,69,69,69,69,67,67,67,69,69,69,69,69,67,67,69,69,69,72,72,72,72,69,69,69,72,72,67,67,67,69,69,67,67,67,65,65,69,69,69,72,72,72,72,72
liber-tracts-rand-00276,01157,3,14,14.0,74,74,74,74,74,74,74,71,71,71,71,72,72,72,69,69,69,69,72,72,72,71,71,71,71,67,67,67,65,65,65,65,69,69,69,72,72,72,72,71,71,71,72,72,72,72,74,74,74,74
liber-tracts-rand-00277,01157,4,25,25.0,69,69,69,69,67,67,69,69,67,67,72,72,72,72,69,69,72,72,67,67,67,67,65,65,67,67,67,67,69,69,71,71,72,72,72,72,71,71,72,72,72,72,72,72,72,72,72,72,74,74
liber-tracts-rand-00278,01157,5,17,17.0,72,72,72,67,67,67,69,69,69,67,67,67,69,69,69,71,71,71,72,72,72,71,71,71,69,69,71,71,71,72,72,72,69,69,69,69,69,69,67,67,67,69,69,69,67,67,67,69,69,69
liber-tracts-rand-00279,01157,6,12,12.0,71,71,71,71,71,72,72,72,72,67,67,67,67,69,69,69,69,67,67,67,67,65,65,65,65,65,65,65,65,69,69,69,69,72,72,72,72,72,72,72,72,72,72,72,72,72,72,72,72,72
liber-tracts-rand-00280,01157,7,11,11.0,72,72,72,72,72,71,71,71,71,72,72,72,72,72,69,69,69,69,67,67,67,67,67,72,72,72,72,72,72,72,72,72,69,69,69,69,67,67,67,67,67,69,69,69,69,70,70,70,70,70
liber-tracts-rand-00281,01157,8,15,15.0,67,67,67,67,65,65,65,69,69,69,72,72,72,72,69,69,69,71,71,71,67,67,67,69,69,69,69,69,69,69,67,67,67,67,67,67,69,69,69,69,72,72,72,69,69,69,72,72,72,72
liber-tracts-rand-00282,01157,9,17,17.0,72,72,72,72,72,72,74,74,74,72,72,72,71,71,71,67,67,67,69,69,69,67,67,67,69,69,71,71,71,72,72,72,71,71,71,69,69,69,71,71,71,72,72,72,69,69,69,69,69,69
liber-tracts-rand-00283,01157,10,19,19.0,67,67,67,69,69,69,67,67,67,67,67,65,65,65,65,65,69,69,69,72,72,72,72,72,72,72,71,71,71,72,72,69,69,69,67,67,67,72,72,72,72,72,69,69,67,67,67,69,69,69
liber-tracts-rand-00284,01157,11,19,19.0,70,70,70,67,67,67,65,65,69,69,69,72,72,69,69,69,71,71,71,67,67,69,69,69,69,69,67,67,67,72,72,72,72,72,72,72,72,72,72,74,74,74,72,72,72,72,72,67,67,67
liber-tracts-rand-00285,01157,12,16,16.0,72,72,72,72,74,74,74,76,76,76,71,71,71,72,72,72,74,74,74,71,71,71,72,72,72,69,69,69,69,69,69,67,67,67,69,69,69,70,70,70,67,67,67,65,65,65,69,69,69,69
liber-tracts-rand-00286,01157,13,14,14.0,71,71,71,71,72,72,72,72,72,72,72,74,74,74,72,72,72,72,72,72,72,72,72,72,72,72,72,72,74,74,74,74,72,72,72,72,72,72,72,72,72,72,72,72,72,72,74,74,74,74
liber-tracts-rand-00287,01157,14,17,17.0,71,71,71,72,72,72,69,69,69,72,72,72,71,71,71,67,67,67,69,69,69,67,67,67,65,65,69,69,69,72,72,72,71,71,71,72,72,72,74,74,74,69,69,69,69,69,69,67,67,67
liber-tracts-rand-00288,01157,15,22,22.0,69,69,69,67,67,72,72,72,72,69,69,69,72,72,67,67,67,67,65,65,65,65,65,69,69,72,72,71,71,72,72,72,69,69,72,72,72,72,72,72,72,72,72,69,69,67,67,69,69,69
liber-tracts-rand-00289,01157,16,27,27.0,67,67,69,69,71,71,72,72,67,67,69,67,67,65,65,65,65,69,69,72,72,72,71,71,72,72,69,69,67,67,67,67,67,69,69,67,67,67,67,65,67,67,72,72,72,72,72,72,74,74
liber-tracts-rand-00290,01157,17,16,16.0,72,72,72,72,71,71,71,69,69,69,69,69,69,67,67,67,69,69,69,72,72,72,71,71,71,69,69,69,67,67,67,67,67,67,69,69,69,65,65,65,69,69,69,71,71,71,72,72,72,72
liber-tracts-rand-00291,01247,0,13,13.0,74,74,74,74,69,69,69,69,67,67,67,67,65,65,65,65,67,67,67,69,69,69,69,69,69,69,69,67,67,67,67,71,71,71,72,72,72,72,69,69,69,69,72,72,72,72,71,71,71,71
liber-tracts-rand-00292,01247,1,21,21.0,72,72,72,72,72,72,72,72,72,72,74,74,69,69,69,69,69,67,67,69,69,67,67,67,72,72,72,72,69,69,69,72,72,67,67,67,67,67,65,65,65,65,69,69,69,72,72,71,71,71
liber-tracts-rand-00293,01247,2,18,18.0,67,67,67,69,69,69,67,67,67,65,65,67,67,67,67,67,67,69,69,69,72,72,71,71,71,72,72,72,72,72,69,69,69,71,71,71,72,72,72,72,72,72,72,72,72,72,72,71,71,71
liber-tracts-rand-00294,01247,3,17,17.0,69,69,69,71,71,71,69,69,69,67,67,67,69,69,69,67,67,67,65,65,65,69,69,69,70,70,69,69,69,70,70,70,67,67,67,72,72,72,72,72,72,71,71,71,72,72,72,67,67,67
liber-tracts-rand-00295,01247,4,14,14.0,72,72,72,72,72,72,72,69,69,69,69,67,67,67,69,69,69,69,70,70,70,67,67,67,67,65,65,65,69,69,69,69,72,72,72,69,69,69,69,71,71,71,67,67,67,67,65,65,65,65
liber-tracts-rand-00296,01247,5,22,22.0,67,67,67,67,67,69,69,69,69,67,67,67,67,67,67,67,67,67,62,62,62,67,67,69,69,67,67,67,67,69,69,69,72,72,71,71,72,72,72,72,72,72,72,72,72,72,72,71,71,71
liber-tracts-rand-00297,01247,6,19,19.0,67,67,67,69,69,69,67,67,69,69,69,71,71,72,72,72,71,71,71,69,69,71,71,71,72,72,69,69,69,69,69,67,67,67,67,67,67,67,67,69,69,69,67,67,65,65,65,67,67,67
liber-tracts-rand-00298,01247,7,21,21.0,67,67,67,69,69,72,72,72,72,72,71,71,71,71,71,71,71,74,74,76,76,72,72,72,72,72,69,69,72,72,72,69,69,69,69,67,67,67,69,69,67,67,72,72,72,72,72,69,69,69
liber-tracts-rand-00299,01247,8,22,22.0,72,72,72,67,67,67,67,65,65,65,65,65,69,69,72,72,71,71,67,67,67,69,69,67,67,65,65,67,67,69,69,69,72,72,71,71,72,72,69,69,69,71,71,72,72,71,71,72,72,72
liber-tracts-rand-00300,01247,9,25,25.0,69,69,69,69,67,67,69,69,67,67,69,69,71,71,72,72,67,67,69,69,67,67,65,65,65,65,69,69,72,72,72,72,72,72,71,71,72,72,69,69,67,67,67,67,67,67,69,69,67,67
liber-tracts-rand-00301,01247,10,15,15.0,67,67,67,67,65,65,65,67,67,67,72,72,72,72,72,72,72,72,72,72,74,74,74,72,72,72,72,71,71,71,69,69,69,69,69,69,67,67,67,67,67,67,67,69,69,69,67,67,67,67
liber-tracts-rand-00302,01281,0,17,17.0,72,72,72,74,74,74,69,69,69,67,67,67,65,65,65,67,67,67,69,69,69,69,69,69,67,67,67,67,67,72,72,72,72,72,72,72,72,72,72,72,72,71,71,71,74,74,74,76,76,76
liber-tracts-rand-00303,01281,1,21,21.0,72,72,72,72,72,69,69,72,72,72,69,69,69,69,67,67,67,69,69,67,67,72,72,72,72,72,69,69,72,72,72,67,67,67,67,65,65,65,67,67,69,69,71,71,71,67,67,69,69,69
liber-tracts-rand-00304,01281,2,16,16.0,72,72,72,72,71,71,71,72,72,72,72,72,72,69,69,69,71,71,71,72,72,72,72,72,72,72,72,72,72,72,72,71,71,71,69,69,69,71,71,71,69,69,69,67,67,67,69,69,69,69
liber-tracts-rand-00305,01281,3,25,25.0,67,67,67,67,67,67,69,69,67,67,69,69,71,71,72,72,67,67,69,69,65,65,65,65,69,69,72,72,72,72,72,72,71,71,72,72,69,69,67,67,72,72,72,72,69,69,67,67,69,69
liber-tracts-rand-00306,01281,4,13,13.0,70,70,70,70,67,67,67,67,65,65,65,65,69,69,69,69,72,72,72,69,69,69,69,71,71,71,71,67,67,67,67,67,67,67,69,69,69,69,69,69,69,69,67,67,67,67,67,67,67,67
liber-tracts-rand-00307,01281,5,12,12.0,69,69,69,69,69,71,71,71,71,72,72,72,72,72,72,72,72,71,71,71,71,72,72,72,72,72,72,72,72,72,72,72,72,72,72,72,72,72,72,72,72,72,72,72,72,72,72,72,72,72
liber-tracts-rand-00308,01281,6,15,15.0,74,74,74,74,72,72,72,67,67,67,69,69,69,69,67,67,67,69,69,69,71,71,71,72,72,72,72,71,71,71,69,69,69,71,71,71,72,72,72,72,69,69,69,69,69,69,67,67,67,67
liber-tracts-rand-00309,01281,7,13,13.0,67,67,67,67,67,67,67,67,69,69,69,69,67,67,67,67,67,67,67,69,69,69,69,67,67,67,67,69,69,69,69,71,71,71,72,72,72,72,67,67,67,67,69,69,69,69,65,65,65,65
liber-tracts-rand-00310,01281,8,23,23.0,65,65,65,69,69,72,72,72,72,72,72,74,74,72,72,72,72,72,67,67,72,72,74,74,76,76,71,71,72,72,74,74,71,71,71,72,72,69,69,69,69,67,67,69,69,70,70,67,67,67
liber-tracts-rand-00311,01281,9,24,24.0,65,65,65,69,69,72,72,69,69,71,71,67,67,67,67,69,69,69,69,67,67,67,67,67,67,67,67,69,69,72,72,72,72,72,72,72,72,71,71,69,69,72,72,69,69,69,69,67,67,67
liber-tracts-rand-00312,01281,10,18,18.0,67,67,67,69,69,69,62,62,62,64,64,62,62,62,62,62,62,62,62,62,62,62,62,62,62,65,65,65,65,65,62,62,62,65,65,65,65,65,65,65,65,62,62,62,67,67,67,65,65,65
liber-tracts-rand-00313,01281,11,15,15.0,67,67,67,67,70,70,70,69,69,69,70,70,70,70,69,69,69,67,67,67,69,69,69,69,69,69,69,67,67,67,67,67,67,67,67,67,69,69,69,69,71,71,71,67,67,67,69,69,69,69
liber-tracts-rand-00314,01281,12,17,17.0,72,72,72,71,71,71,72,72,72,72,72,72,69,69,69,71,71,71,72,72,72,72,72,72,72,72,72,72,72,71,71,71,69,69,69,71,71,71,69,69,69,67,67,67,69,69,69,67,67,67
liber-tracts-rand-00315,01281,13,21,21.0,67,67,67,69,69,67,67,69,69,69,71,71,72,72,67,67,67,69,69,65,65,65,65,65,65,65,65,65,69,69,69,72,72,72,72,72,72,72,71,71,72,72,69,69,69,67,67,67,67,67
liber-tracts-rand-00316,01281,14,19,19.0,67,67,67,69,69,69,67,67,67,67,67,65,65,67,67,67,72,72,72,72,72,72,72,72,74,74,72,72,72,71,71,69,69,69,69,69,69,67,67,67,67,67,69,69,67,67,67,65,65,65
liber-tracts-rand-00317,01346,0,13,13.0,67,67,67,67,67,67,67,67,69,69,69,69,65,65,65,65,67,67,67,69,69,69,69,70,70,70,70,70,70,70,70,70,70,70,70,70,70,70,70,70,70,70,70,70,70,70,69,69,69,69
liber-tracts-rand-00318,01346,1,17,17.0,67,67,67,69,69,69,67,67,67,67,67,67,69,69,69,67,67,67,69,69,69,71,71,71,72,72,67,67,67,69,69,69,65,65,65,65,65,65,69,69,69,72,72,72,72,72,72,72,72,72
liber-tracts-rand-00319,01346,2,17,17.0,71,71,71,72,72,72,69,69,69,67,67,67,72,72,72,72,72,72,69,69,69,67,67,67,69,69,70,70,70,67,67,67,65,65,65,69,69,69,72,72,72,69,69,69,71,71,71,67,67,67
liber-tracts-rand-00320,01346,3,19,19.0,67,67,67,65,65,65,67,67,67,67,67,69,69,69,69,69,67,67,67,67,67,67,67,67,69,69,71,71,71,72,72,72,72,72,72,72,72,71,71,72,72,72,72,72,72,72,72,72,72,72
liber-tracts-rand-00321,01346,4,23,23.0,72,72,72,72,72,74,74,72,72,67,67,69,69,67,67,69,69,69,71,71,72,72,71,71,69,69,71,71,72,72,69,69,69,69,69,67,67,67,67,69,69,67,67,65,65,67,67,72,72,72
liber-tracts-rand-00322,01346,5,16,16.0,72,72,72,72,69,69,69,72,72,72,71,71,71,72,72,72,72,72,72,72,72,72,72,72,72,74,74,74,69,69,69,69,69,69,67,67,67,69,69,69,67,67,67,72,72,72,72,72,72,72
liber-tracts-rand-00323,01346,6,22,22.0,69,69,69,72,72,72,72,67,67,67,67,67,65,65,67,67,69,69,72,72,72,69,69,72,72,72,72,72,72,74,74,74,72,72,71,71,67,67,69,69,69,67,67,69,69,71,71,72,72,72
liber-tracts-rand-00324,01346,7,14,14.0,71,71,71,71,69,69,69,71,71,71,71,72,72,72,69,69,69,69,69,69,69,67,67,67,67,67,67,67,67,67,67,67,69,69,69,67,67,67,67,69,69,69,71,71,71,71,72,72,72,72
liber-tracts-rand-00325,01346,8,12,12.0,67,67,67,67,67,69,69,69,69,67,67,67,67,65,65,65,65,65,65,65,65,67,67,67,67,69,69,69,69,65,65,65,65,67,67,67,67,69,69,69,69,65,65,65,65,67,67,67,67,67
liber-tracts-rand-00326,01346,9,13,13.0,69,69,69,69,72,72,72,72,74,74,74,74,76,76,76,76,71,71,71,72,72,72,72,74,74,74,74,71,71,71,71,72,72,72,69,69,69,69,69,69,69,69,67,67,67,67,69,69,69,69
liber-tracts-rand-00327,01346,10,24,24.0,70,70,70,67,67,65,65,69,69,72,72,69,69,71,71,67,67,67,67,69,69,69,69,67,67,62,62,65,65,65,65,65,65,65,65,65,65,62,62,65,65,69,69,65,65,67,67,65,65,65
liber-tracts-rand-00328,01346,11,23,23.0,67,67,67,69,69,69,69,67,67,67,67,67,67,69,69,67,67,67,65,65,67,67,67,67,67,67,67,67,69,69,67,67,69,69,69,72,72,71,71,72,72,69,69,72,72,72,72,72,72,72
liber-tracts-rand-00329,01346,12,16,16.0,72,72,72,72,74,74,74,69,69,69,69,69,69,67,67,67,69,69,69,67,67,67,72,72,72,72,72,72,69,69,69,72,72,72,67,67,67,67,67,67,65,65,65,67,67,67,69,69,69,69
liber-tracts-rand-00330,01346,13,21,21.0,72,72,72,71,71,72,72,69,69,69,71,71,72,72,72,72,72,72,72,72,72,71,71,71,69,69,71,71,69,69,69,67,67,69,69,67,67,67,69,69,67,67,69,69,69,71,71,72,72,72
liber-tracts-rand-00331,01346,14,20,20.0,67,67,67,69,69,67,67,67,65,65,65,65,65,69,69,72,72,72,72,72,72,72,72,72,72,72,72,71,71,71,72,72,69,69,69,67,67,67,67,67,67,67,69,69,69,67,67,67,67,67
liber-tracts-rand-00332,01346,15,17,17.0,65,65,65,67,67,67,72,72,72,72,72,72,72,72,72,74,74,74,72,72,72,71,71,71,69,69,69,69,69,67,67,67,69,69,69,72,72,72,71,71,71,69,69,69,67,67,67,67,67,67
